Rank,Município,GERES,Notificações ATT
1,Garanhuns,V GERES,65
2,Caruaru,IV GERES,54
3,Santa Cruz do Capibaribe,IV GERES,34
4,Belo Jardim,IV GERES,29
5,Gravatá,IV GERES,24
6,Bezerros,IV GERES,22
7,Lajedo,V GERES,21
8,Pesqueira,IV GERES,20
9,Toritama,IV GERES,19
10,São Bento do Una,IV GERES,18
11,Águas Belas,V GERES,16
12,Bom Conselho,V GERES,15
13,Recife,I GERES,15
14,Brejo da Madre de Deus,IV GERES,15
15,São Caetano,IV GERES,14
16,Cupira,IV GERES,14
17,Bonito,IV GERES,13
18,Tacaimbó,IV GERES,13
19,Agrestina,IV GERES,12
20,Canhotinho,V GERES,10
21,Panelas,IV GERES,10
22,Altinho,IV GERES,10
23,Correntes,V GERES,10
24,Capoeiras,V GERES,9
25,Itaíba,V GERES,9
26,São João,V GERES,9
27,Sairé,IV GERES,8
28,Jupi,V GERES,8
29,Caetés,V GERES,8
30,Jurema,V GERES,8
31,Riacho das Almas,IV GERES,8
32,Alagoinha,IV GERES,8
33,Sanharó,IV GERES,8
34,Camocim de São Félix,IV GERES,7
35,Cachoeirinha,IV GERES,7
36,Taquaritinga do Norte,IV GERES,7
37,Vertentes,IV GERES,7
38,Poção,IV GERES,7
39,Jataúba,IV GERES,7
40,Paranatama,V GERES,6
41,Lagoa do Ouro,V GERES,6
42,Angelim,V GERES,6
43,Ibirajuba,IV GERES,6
44,Calçado,V GERES,5
45,Jucati,V GERES,5
46,Saloá,V GERES,5
47,Frei Miguelinho,IV GERES,5
48,Santa Maria do Cambucá,IV GERES,5
49,Jaboatão dos Guararapes,I GERES,5
50,Palmeirina,V GERES,4
51,Iati,V GERES,4
52,São Joaquim do Monte,IV GERES,4

,Total,,680
